ID;CENTER_LON;CENTER_LAT;RS;GEN;WSK;EWZ;KFL;HAT_BEZ;GEOMETRY_WKT
1;9.446698327;54.79864855;01001;Flensburg;2008-01-01;89504;56.73;TRUE;POINT(9.44669832674309 54.7986485531426)
2;10.14139726;54.33896329;01002;Kiel;2006-01-01;247548;118.65;TRUE;POINT(10.1413972576178 54.3389632886838)
3;10.75395797;53.87373175;01003;Lübeck;2006-02-01;217198;214.19;TRUE;POINT(10.7539579689891 53.8737317484017)
4;9.990176482;54.07664685;01004;Neumünster;1970-04-26;79487;71.66;TRUE;POINT(9.99017648217608 54.0766468488588)
5;9.105109708;54.13810592;01051;Dithmarschen;2011-08-01;133210;1428.18;TRUE;POINT(9.10510970848408 54.1381059224069)
6;10.60297559;53.61718763;01053;Herzogtum Lauenburg;2009-01-01;197264;1263.07;TRUE;POINT(10.6029755904353 53.6171876317188)
7;8.691597129;54.64751121;01054;Nordfriesland;2016-01-01;165507;2083.53;TRUE;POINT(8.69159712915548 54.6475112137743)
8;10.86056482;54.23816178;01055;Ostholstein;2010-01-01;200581;1393;TRUE;POINT(10.8605648239777 54.2381617768927)
9;9.53103375;53.7094202;01056;Pinneberg;2009-01-01;314391;664.27;TRUE;POINT(9.53103374957698 53.7094202017498)
10;10.36942609;54.25135207;01057;Plön;2009-01-01;128647;1083.56;TRUE;POINT(10.3694260893444 54.2513520707122)
11;9.801729426;54.35479189;01058;Rendsburg-Eckernförde;2014-02-01;272775;2189.78;TRUE;POINT(9.80172942648847 54.3547918872262)
12;9.634685515;54.61300921;01059;Schleswig-Flensburg;2016-01-01;200025;2071.33;TRUE;POINT(9.63468551455905 54.6130092077078)
13;10.20098294;53.90738312;01060;Segeberg;2010-01-01;276032;1344.47;TRUE;POINT(10.2009829439252 53.9073831222133)
14;9.500173942;53.9158564;01061;Steinburg;2009-01-01;131347;1055.71;TRUE;POINT(9.5001739420927 53.9158563990837)
15;10.34272302;53.71738884;01062;Stormarn;2010-01-01;243196;766.22;TRUE;POINT(10.3427230229795 53.7173888408386)
16;9.87430006;53.57867718;02000;Hamburg;1974-01-01;1841179;755.09;TRUE;POINT(9.87430005962972 53.5786771759072)
17;10.52882955;52.28814987;03101;Braunschweig;1974-03-01;248292;192.7;FALSE;POINT(10.5288295470202 52.2881498681511)
18;10.36959549;52.10501607;03102;Salzgitter;1974-03-01;104948;224.49;FALSE;POINT(10.3695954881644 52.1050160670311)
19;10.78869512;52.40609624;03103;Wolfsburg;1972-07-01;124151;204.61;FALSE;POINT(10.7886951189354 52.4060962415188)
20;10.62896059;52.55111449;03151;Gifhorn;2009-01-01;175920;1567.45;FALSE;POINT(10.628960591633 52.5511144914468)
21;10.44401745;51.85176014;03153;Goslar;2014-01-01;137014;966.73;FALSE;POINT(10.4440174456058 51.8517601420367)
22;10.88583821;52.24961392;03154;Helmstedt;2017-07-01;91307;676.12;FALSE;POINT(10.8858382129588 52.2496139174478)
23;9.843601129;51.71942321;03155;Northeim;2009-01-01;132765;1268.76;FALSE;POINT(9.84360112934717 51.7194232064522)
24;10.25294803;52.30814278;03157;Peine;2009-01-01;133965;536.5;FALSE;POINT(10.2529480268462 52.3081427830037)
25;10.51268753;52.11101943;03158;Wolfenbüttel;2009-01-01;119960;724.28;FALSE;POINT(10.5126875337191 52.111019433326)
26;10.052327;51.54270195;03159;Göttingen;2016-11-01;328074;1755.39;FALSE;POINT(10.0523270016095 51.5427019462482)
27;9.713896716;52.42166162;03241;Region Hannover;2009-01-01;1157624;2297.13;FALSE;POINT(9.71389671550857 52.4216616244198)
28;8.727648074;52.77556667;03251;Diepholz;2009-01-01;216886;1990.99;FALSE;POINT(8.72764807400302 52.7755666734865)
29;9.367889689;52.0813347;03252;Hameln-Pyrmont;2009-01-01;148559;797.53;FALSE;POINT(9.36788968898758 52.0813346986556)
30;9.924747673;52.10427021;03254;Hildesheim;2009-01-01;276594;1208.35;FALSE;POINT(9.92474767271199 52.1042702095134)
31;9.502722634;51.8465982;03255;Holzminden;2009-01-01;70975;694.27;FALSE;POINT(9.5027226339306 51.8465981968611)
32;9.114625477;52.62780038;03256;Nienburg (Weser);2009-01-01;121386;1400.82;FALSE;POINT(9.11462547726451 52.6278003754057)
33;9.174386588;52.26412715;03257;Schaumburg;2009-01-01;157781;675.66;FALSE;POINT(9.17438658765854 52.264127151295)
34;10.09197294;52.68047606;03351;Celle;2009-01-01;178936;1550.82;FALSE;POINT(10.0919729381088 52.6804760579382)
35;8.847259957;53.61702759;03352;Cuxhaven;2010-01-01;198213;2058.96;FALSE;POINT(8.84725995745824 53.6170275896074)
36;10.03110628;53.34485907;03353;Harburg;2009-01-01;252776;1248.45;FALSE;POINT(10.0311062812741 53.3448590741506)
37;11.09986267;53.01181855;03354;Lüchow-Dannenberg;2009-01-01;48424;1227.19;FALSE;POINT(11.0998626675097 53.011818548949)
38;10.62756107;53.24312679;03355;Lüneburg;2014-11-01;183372;1327.81;FALSE;POINT(10.6275610684245 53.2431267923564)
39;8.768321148;53.23303208;03356;Osterholz;2009-01-01;113517;652.67;FALSE;POINT(8.76832114757165 53.2330320829084)
40;9.294878724;53.26035496;03357;Rotenburg (Wümme);2009-01-01;163455;2074.78;FALSE;POINT(9.29487872379741 53.2603549624143)
41;9.672248314;52.89872373;03358;Heidekreis;2011-08-01;139755;1881.46;FALSE;POINT(9.67224831372845 52.8987237282378)
42;9.39485465;53.64304108;03359;Stade;2009-01-01;203102;1267.4;FALSE;POINT(9.394854649578 53.6430410777251)
43;10.56921354;53.01322475;03360;Uelzen;2009-01-01;92572;1462.6;FALSE;POINT(10.5692135378544 53.0132247530625)
44;9.192191739;52.94810451;03361;Verden;2009-01-01;136792;789.34;FALSE;POINT(9.19219173922943 52.9481045101916)
45;8.644985028;53.05053561;03401;Delmenhorst;1974-03-01;77607;62.45;FALSE;POINT(8.64498502810427 53.0505356102104)
46;7.180236451;53.35716137;03402;Emden;2004-12-31;50195;112.34;FALSE;POINT(7.18023645140718 53.3571613742855)
47;8.23576322;53.14449987;03403;Oldenburg (Oldb);2001-11-13;168210;103.09;FALSE;POINT(8.23576322011697 53.1444998709775)
48;8.061439265;52.27414154;03404;Osnabrück;1972-07-01;164748;119.8;FALSE;POINT(8.06143926517628 52.2741415412856)
49;8.065656614;53.5647435;03405;Wilhelmshaven;2005-04-23;76278;107.07;FALSE;POINT(8.0656566135297 53.5647435025241)
50;7.996158229;53.22298789;03451;Ammerland;2009-01-01;124071;730.64;FALSE;POINT(7.99615822887461 53.2229878924054)
51;7.287137863;53.55073473;03452;Aurich;2009-01-01;189848;1287.34;FALSE;POINT(7.28713786319718 53.5507347331902)
52;7.91165492;52.91506031;03453;Cloppenburg;2009-01-01;169348;1420.35;FALSE;POINT(7.91165491958825 52.9150603097699)
53;7.491238311;52.73542643;03454;Emsland;2009-01-01;325657;2883.64;FALSE;POINT(7.49123831126596 52.7354264266282)
54;7.967799078;53.58123643;03455;Friesland;2009-01-01;98460;609.54;FALSE;POINT(7.96779907790163 53.5812364347722)
55;7.003250319;52.4973216;03456;Grafschaft Bentheim;2009-01-01;136511;981.81;FALSE;POINT(7.00325031897378 52.4973216018309)
56;7.304915057;53.3465137;03457;Leer;2009-01-01;169809;1085.7;FALSE;POINT(7.30491505732236 53.3465137030744)
57;8.363962836;52.98125578;03458;Oldenburg;2009-01-01;130144;1064.83;FALSE;POINT(8.36396283639937 52.9812557776755)
58;8.106671037;52.30959257;03459;Osnabrück;1998-04-01;357343;2121.8;FALSE;POINT(8.10667103732623 52.3095925736972)
59;8.249705063;52.7038523;03460;Vechta;2009-01-01;141598;814.2;FALSE;POINT(8.24970506340411 52.7038522974554)
60;8.369923723;53.38871161;03461;Wesermarsch;2009-01-01;88624;824.76;FALSE;POINT(8.36992372302702 53.3887116071364)
61;7.701313429;53.63577962;03462;Wittmund;2009-01-01;56882;656.84;FALSE;POINT(7.70131342866832 53.6357796198802)
62;8.775630864;53.14479829;04011;Bremen;2002-01-01;569352;317.83;TRUE;POINT(8.77563086405868 53.1447982885008)
63;8.58932604;53.54670193;04012;Bremerhaven;2010-01-01;113634;101.53;TRUE;POINT(8.58932604003087 53.5467019261228)
64;6.834663034;51.23009713;05111;Düsseldorf;1980-01-01;619294;217.41;TRUE;POINT(6.83466303357584 51.2300971310714)
65;6.730375295;51.43929344;05112;Duisburg;1975-01-01;498590;232.8;TRUE;POINT(6.73037529492336 51.439293444505)
66;7.015067055;51.42822528;05113;Essen;2006-10-01;583109;210.34;TRUE;POINT(7.0150670548575 51.428225282968)
67;6.574500623;51.35677566;05114;Krefeld;2001-02-01;227020;137.77;TRUE;POINT(6.57450062330054 51.3567756645962)
68;6.414415359;51.16679852;05116;Mönchengladbach;1995-07-01;261454;170.47;TRUE;POINT(6.414415359041 51.1667985185274)
69;6.873295467;51.41322606;05117;Mülheim an der Ruhr;1975-01-01;170880;91.28;TRUE;POINT(6.87329546704501 51.4132260581302)
70;6.847017181;51.51982967;05119;Oberhausen;2006-10-01;210829;77.09;TRUE;POINT(6.84701718074061 51.519829673856)
71;7.217398644;51.17513352;05120;Remscheid;1975-01-01;110994;74.52;TRUE;POINT(7.21739864368605 51.1751335192765)
72;7.08429973;51.15671807;05122;Solingen;1975-01-01;159360;89.54;TRUE;POINT(7.08429972959383 51.1567180687695)
73;7.170521704;51.2388784;05124;Wuppertal;1975-01-01;354382;168.39;TRUE;POINT(7.17052170361917 51.238878398326)
74;6.277900225;51.67772598;05154;Kleve;2009-01-01;310974;1232.99;TRUE;POINT(6.27790022533042 51.6777259791138)
75;6.973220457;51.25359067;05158;Mettmann;2009-01-01;485684;407.21;TRUE;POINT(6.97322045739759 51.2535906675219)
76;6.6447257;51.1485184;05162;Rhein-Kreis Neuss;2009-01-01;451007;576.28;TRUE;POINT(6.64472569951851 51.1485183969878)
77;6.340962323;51.28133825;05166;Viersen;2009-01-01;298935;563.27;TRUE;POINT(6.34096232281657 51.2813382521539)
78;6.598063195;51.6208295;05170;Wesel;2009-01-01;459809;1042.81;TRUE;POINT(6.59806319482552 51.6208294999461)
79;7.108331948;50.70932468;05314;Bonn;1969-08-01;327258;141.06;TRUE;POINT(7.10833194766303 50.7093246771996)
80;6.975407461;50.95771217;05315;Köln;1976-06-01;1085664;405.01;TRUE;POINT(6.97540746095366 50.957712169666)
81;7.02905464;51.06125882;05316;Leverkusen;1975-01-01;163838;78.87;TRUE;POINT(7.0290546395146 51.0612588175658)
82;6.20610264;50.69428242;05334;Städteregion Aachen;2009-10-21;555465;706.92;TRUE;POINT(6.20610264012015 50.6942824165808)
83;6.420099437;50.80604123;05358;Düren;2009-01-01;263722;941.49;TRUE;POINT(6.42009943670501 50.806041225948)
84;6.73147284;50.91149346;05362;Rhein-Erft-Kreis;2009-01-01;470089;704.7;TRUE;POINT(6.73147283986648 50.9114934577388)
85;6.620109125;50.50157299;05366;Euskirchen;2009-01-01;192840;1248.72;TRUE;POINT(6.62010912508064 50.5015729888295)
86;6.159892838;51.07417446;05370;Heinsberg;2009-01-01;254322;627.92;TRUE;POINT(6.1598928379115 51.0741744605877)
87;7.459070305;51.04901257;05374;Oberbergischer Kreis;2009-01-01;272471;918.84;TRUE;POINT(7.4590703046426 51.0490125722688)
88;7.206130071;51.03258443;05378;Rheinisch-Bergischer Kreis;2009-01-01;283455;437.32;TRUE;POINT(7.20613007131431 51.0325844280371)
89;7.240551038;50.76549816;05382;Rhein-Sieg-Kreis;2009-01-01;599780;1153.21;TRUE;POINT(7.24055103830999 50.7654981562017)
90;6.909403351;51.5726711;05512;Bottrop;1976-07-01;117383;100.61;TRUE;POINT(6.90940335118416 51.5726710990024)
91;7.065545398;51.55915828;05513;Gelsenkirchen;2002-11-01;260654;104.94;TRUE;POINT(7.06554539823796 51.5591582829041)
92;7.634204074;51.95961651;05515;Münster;1975-01-01;314319;303.28;TRUE;POINT(7.63420407410939 51.9596165060554)
93;6.831693287;51.91927385;05554;Borken;2009-01-01;370676;1420.95;TRUE;POINT(6.83169328706374 51.9192738496137)
94;7.377232119;51.84010216;05558;Coesfeld;2009-01-01;219929;1112.04;TRUE;POINT(7.37723211852394 51.8401021608882)
95;7.194094527;51.65377853;05562;Recklinghausen;2009-01-01;615261;761.32;TRUE;POINT(7.19409452715563 51.653778526864)
96;7.645668002;52.19463498;05566;Steinfurt;2009-01-01;447614;1795.76;TRUE;POINT(7.64566800197801 52.1946349797521)
97;7.980128214;51.8409087;05570;Warendorf;2009-01-01;277783;1319.42;TRUE;POINT(7.9801282143956 51.8409086953347)
98;8.543836617;52.01536032;05711;Bielefeld;1973-01-01;333786;258.83;TRUE;POINT(8.543836617036 52.0153603198321)
99;8.366908096;51.95133256;05754;Gütersloh;2009-01-01;364083;969.21;TRUE;POINT(8.36690809553351 51.9513325580915)
100;8.611991089;52.16350448;05758;Herford;2009-01-01;250783;450.41;TRUE;POINT(8.61199108850569 52.1635044791476)
101;9.218328259;51.6962498;05762;Höxter;2009-01-01;140667;1201.42;TRUE;POINT(9.21832825874838 51.6962498007079)
102;9.008824124;51.9999406;05766;Lippe;2009-01-01;348391;1246.19;TRUE;POINT(9.0088241240744 51.9999405964192)
103;8.814042757;52.33611502;05770;Minden-Lübbecke;2009-01-01;310710;1152.42;TRUE;POINT(8.81404275718198 52.3361150241836)
104;8.698078529;51.62534537;05774;Paderborn;2009-01-01;306890;1246.78;TRUE;POINT(8.69807852942859 51.6253453705587)
105;7.231762794;51.46938144;05911;Bochum;1975-01-01;364628;145.66;TRUE;POINT(7.23176279382514 51.4693814416022)
106;7.461593261;51.51317684;05913;Dortmund;1975-01-01;587010;280.71;TRUE;POINT(7.46159326051569 51.5131768377002)
107;7.487582844;51.33749058;05914;Hagen;1999-02-01;188814;160.45;TRUE;POINT(7.48758284390813 51.3374905806522)
108;7.840963788;51.6722355;05915;Hamm;2003-03-01;179111;226.43;TRUE;POINT(7.84096378827625 51.6722354998593)
109;7.209052221;51.53524779;05916;Herne;2002-11-01;156374;51.42;TRUE;POINT(7.20905222146547 51.5352477943909)
110;7.334585004;51.32696506;05954;Ennepe-Ruhr-Kreis;2009-01-01;324296;409.62;TRUE;POINT(7.33458500429652 51.3269650568778)
111;8.419623306;51.33014522;05958;Hochsauerlandkreis;2009-11-01;260475;1960.15;TRUE;POINT(8.4196233058783 51.3301452199205)
112;7.700986746;51.25142611;05962;Märkischer Kreis;2009-01-01;412120;1061.06;TRUE;POINT(7.70098674641416 51.2514261093864)
113;7.967321739;51.09747489;05966;Olpe;2009-01-01;134775;712.14;TRUE;POINT(7.96732173871887 51.0974748887023)
114;8.191867796;50.94420122;05970;Siegen-Wittgenstein;2009-01-01;278210;1132.89;TRUE;POINT(8.19186779563232 50.9442012235427)
115;8.171385626;51.59029232;05974;Soest;2009-01-01;301902;1328.63;TRUE;POINT(8.17138562550647 51.5902923186905)
116;7.610944014;51.57898509;05978;Unna;2009-01-01;394782;543.21;TRUE;POINT(7.61094401397691 51.5789850872758)
117;8.676371541;49.8905347;06411;Darmstadt;1977-01-01;159207;122.07;TRUE;POINT(8.67637154137406 49.890534702642)
118;8.654553363;50.12203403;06412;Frankfurt am Main;1977-01-01;753056;248.31;TRUE;POINT(8.65455336291151 50.1220340256268)
119;8.772923247;50.10174165;06413;Offenbach am Main;1977-01-01;128744;44.88;TRUE;POINT(8.77292324693619 50.1017416483737)
120;8.269491493;50.08278625;06414;Wiesbaden;1977-01-01;278342;203.87;TRUE;POINT(8.26949149301588 50.0827862514356)
121;8.72480791;49.58202138;06431;Bergstraße;2009-01-01;269694;719.48;TRUE;POINT(8.72480790975208 49.5820213834135)
122;8.752252063;49.8652539;06432;Darmstadt-Dieburg;1977-01-01;297399;658.61;TRUE;POINT(8.75225206309329 49.865253901315)
123;8.485541749;49.9022775;06433;Groß-Gerau;2009-01-01;274526;453.03;TRUE;POINT(8.48554174875328 49.9022774950968)
124;8.493924553;50.27736229;06434;Hochtaunuskreis;2009-01-01;236564;481.84;TRUE;POINT(8.49392455284236 50.2773622945798)
125;9.243772987;50.2506729;06435;Main-Kinzig-Kreis;2011-07-01;418950;1397.33;TRUE;POINT(9.24377298661674 50.2506728969924)
126;8.426151997;50.12206911;06436;Main-Taunus-Kreis;2009-01-01;237735;222.52;TRUE;POINT(8.4261519974453 50.1220691104709)
127;8.994972342;49.63880324;06437;Odenwaldkreis;2009-01-01;96798;623.99;TRUE;POINT(8.99497234177614 49.6388032406632)
128;8.813902277;50.02253118;06438;Offenbach;2009-01-01;354092;356.23;TRUE;POINT(8.81390227663517 50.0225311773615)
129;8.083144957;50.16017469;06439;Rheingau-Taunus-Kreis;2009-01-01;187157;811.42;TRUE;POINT(8.08314495683669 50.1601746861721)
130;8.897520348;50.34930562;06440;Wetteraukreis;2009-01-01;306460;1100.69;TRUE;POINT(8.897520348402 50.3493056194667)
131;8.760073118;50.55489321;06531;Gießen;2009-01-01;268876;854.56;TRUE;POINT(8.76007311777857 50.5548932100514)
132;8.396548919;50.61920578;06532;Lahn-Dill-Kreis;2009-01-01;253777;1066.3;TRUE;POINT(8.39654891923023 50.6192057751106)
133;8.198123819;50.42882473;06533;Limburg-Weilburg;2009-01-01;172083;738.43;TRUE;POINT(8.19812381866212 50.4288247313487)
134;8.754533824;50.8387915;06534;Marburg-Biedenkopf;2009-01-01;246648;1262.37;TRUE;POINT(8.75453382355911 50.8387915035839)
135;9.29872859;50.62162614;06535;Vogelsbergkreis;2009-01-01;105878;1458.9;TRUE;POINT(9.29872858960229 50.6216261354314)
136;9.484498511;51.32478267;06611;Kassel;2004-12-31;201585;106.8;TRUE;POINT(9.48449851081473 51.3247826715566)
137;9.760055177;50.58456213;06631;Fulda;2009-01-01;222584;1380.42;TRUE;POINT(9.76005517749022 50.5845621273094)
138;9.785822832;50.88678686;06632;Hersfeld-Rotenburg;2009-01-01;120829;1097.75;TRUE;POINT(9.78582283180375 50.8867868590606)
139;9.468749924;51.38786804;06633;Kassel;2015-01-01;236633;1293.35;TRUE;POINT(9.46874992382911 51.3878680432868)
140;9.353181692;51.01363314;06634;Schwalm-Eder-Kreis;2009-01-01;180222;1539;TRUE;POINT(9.35318169197945 51.0136331367006)
141;8.839362041;51.19044641;06635;Waldeck-Frankenberg;2009-11-01;156953;1848.7;TRUE;POINT(8.83936204131582 51.1904464136198)
142;9.950562352;51.18926045;06636;Werra-Meißner-Kreis;2009-01-01;101017;1024.84;TRUE;POINT(9.95056235180763 51.1892604530042)
143;7.576442896;50.33738566;07111;Koblenz;1970-11-07;114024;105.25;FALSE;POINT(7.57644289620242 50.3373856555356)
144;7.026266192;50.44080337;07131;Ahrweiler;2009-01-01;129727;787.04;FALSE;POINT(7.02626619193427 50.4408033691804)
145;7.697259036;50.71945103;07132;Altenkirchen (Westerwald);2009-01-01;128705;642.38;FALSE;POINT(7.69725903596018 50.719451030275)
146;7.674970097;49.8245069;07133;Bad Kreuznach;2009-01-01;158080;863.89;FALSE;POINT(7.67497009735253 49.8245069044329)
147;7.325814825;49.70814295;07134;Birkenfeld;2009-01-01;80720;776.82;FALSE;POINT(7.32581482530188 49.708142954713)
148;7.164524414;50.13697081;07135;Cochem-Zell;2014-07-01;61587;692.47;FALSE;POINT(7.16452441369923 50.1369708062202)
149;7.361353671;50.32432222;07137;Mayen-Koblenz;1974-03-16;214259;817.69;FALSE;POINT(7.36135367115617 50.3243222164207)
150;7.521065901;50.58043106;07138;Neuwied;2009-01-01;181941;627.04;FALSE;POINT(7.52106590095825 50.5804310569145)
151;7.466708046;50.0455742;07140;Rhein-Hunsrück-Kreis;2014-07-01;102937;991.07;FALSE;POINT(7.4667080459273 50.0455741974794)
152;7.869289163;50.25779443;07141;Rhein-Lahn-Kreis;2009-01-01;122308;782.19;FALSE;POINT(7.86928916336367 50.25779443463)
153;7.814743384;50.52955692;07143;Westerwaldkreis;2009-01-01;201597;989.06;FALSE;POINT(7.814743384154 50.529556920575)
154;6.670573189;49.77548228;07211;Trier;2017-07-01;110636;117.06;FALSE;POINT(6.67057318885002 49.7754822823333)
155;6.939471539;49.94823035;07231;Bernkastel-Wittlich;2012-01-01;112262;1167.91;FALSE;POINT(6.93947153943124 49.9482303533217)
156;6.346948647;50.07413514;07232;Eifelkreis Bitburg-Prüm;2009-01-01;98561;1626.94;FALSE;POINT(6.34694864743729 50.0741351409557)
157;6.784839477;50.23859831;07233;Vulkaneifel;2009-01-01;60603;911.65;FALSE;POINT(6.78483947725269 50.2385983092709)
158;6.688556723;49.72985804;07235;Trier-Saarburg;2017-07-01;148945;1102.22;FALSE;POINT(6.68855672297307 49.7298580374666)
159;8.364285474;49.53991853;07311;Frankenthal (Pfalz);1969-06-07;48561;43.88;FALSE;POINT(8.3642854736966 49.5399185287878)
160;7.755740456;49.42990877;07312;Kaiserslautern;1969-06-07;99845;139.7;FALSE;POINT(7.75574045646115 49.4299087727414)
161;8.015725833;49.23198;07313;Landau in der Pfalz;1972-04-22;46677;82.94;FALSE;POINT(8.01572583255902 49.2319799963031)
162;8.401399366;49.46973018;07314;Ludwigshafen am Rhein;1974-03-16;171061;77.43;FALSE;POINT(8.40139936644703 49.4697301757253)
163;8.236137092;49.96312022;07315;Mainz;1969-06-07;217118;97.73;FALSE;POINT(8.23613709206191 49.9631202198155)
164;8.138518642;49.33934387;07316;Neustadt an der Weinstraße;1974-03-16;53148;117.09;FALSE;POINT(8.13851864201376 49.3393438678018)
165;7.588870811;49.19147938;07317;Pirmasens;1972-04-22;40403;61.36;FALSE;POINT(7.58887081140844 49.1914793785294)
166;8.447757583;49.33367154;07318;Speyer;1968-10-01;50378;42.71;FALSE;POINT(8.44775758327688 49.3336715356708)
167;8.345321282;49.65675666;07319;Worms;1969-06-07;83330;108.73;FALSE;POINT(8.34532128214408 49.6567566634713)
168;7.37094323;49.25006195;07320;Zweibrücken;1972-04-22;34209;70.64;FALSE;POINT(7.37094322974949 49.2500619528558)
169;8.162211644;49.7590436;07331;Alzey-Worms;2009-01-01;129244;588.08;FALSE;POINT(8.16221164448413 49.7590435952783)
170;8.090517122;49.42882676;07332;Bad Dürkheim;2009-01-01;132660;594.61;FALSE;POINT(8.090517122425 49.4288267611985)
171;7.882188966;49.63464292;07333;Donnersbergkreis;2009-01-01;75101;645.42;FALSE;POINT(7.88218896570512 49.634642919809)
172;8.199287056;49.09091377;07334;Germersheim;2009-01-01;129075;463.32;FALSE;POINT(8.19928705553546 49.0909137731129)
173;7.727389221;49.43900812;07335;Kaiserslautern;1972-04-22;106057;639.98;FALSE;POINT(7.72738922114125 49.4390081187881)
174;7.476967695;49.5631943;07336;Kusel;2009-01-01;70526;573.58;FALSE;POINT(7.47696769484182 49.5631943034568)
175;8.043498992;49.17963362;07337;Südliche Weinstraße;1978-01-01;110356;639.95;FALSE;POINT(8.04349899247511 49.1796336240099)
176;8.363113873;49.43868793;07338;Rhein-Pfalz-Kreis;2004-01-01;154201;305.01;FALSE;POINT(8.36311387263053 49.4386879325696)
177;8.060109136;49.91768654;07339;Mainz-Bingen;2009-01-01;210889;605.37;FALSE;POINT(8.06010913642221 49.9176865444209)
178;7.642341227;49.20511507;07340;Südwestpfalz;1997-01-01;95113;953.59;FALSE;POINT(7.64234122717783 49.205115074906)
179;9.179369657;48.77558783;08111;Stuttgart;1973-01-01;634830;207.33;TRUE;POINT(9.17936965676913 48.7755878261593)
180;8.960055109;48.67566131;08115;Böblingen;2014-04-01;391640;617.78;TRUE;POINT(8.96005510905251 48.6756613142627)
181;9.351107139;48.64115959;08116;Esslingen;2014-04-01;533859;641.28;TRUE;POINT(9.35110713904316 48.6411595884328)
182;9.729874893;48.66774785;08117;Göppingen;2009-01-01;257253;642.32;TRUE;POINT(9.72987489254482 48.667747849677)
183;9.151315302;48.93556438;08118;Ludwigsburg;2009-01-01;543984;686.76;TRUE;POINT(9.15131530154881 48.9355643834513)
184;9.518204774;48.89920806;08119;Rems-Murr-Kreis;2009-01-01;426158;858.09;TRUE;POINT(9.51820477371216 48.899208058363)
185;9.182170855;49.14528601;08121;Heilbronn;1974-04-01;125960;99.89;TRUE;POINT(9.18217085469037 49.1452860110367)
186;9.210687879;49.17042713;08125;Heilbronn;1974-04-01;343068;1099.94;TRUE;POINT(9.21068787890429 49.1704271261423)
187;9.588522677;49.24305511;08126;Hohenlohekreis;2009-01-01;112010;776.76;TRUE;POINT(9.58852267741965 49.2430551056403)
188;9.902740676;49.12698666;08127;Schwäbisch Hall;2009-01-01;195861;1484.06;TRUE;POINT(9.90274067564821 49.1269866612801)
189;9.729849464;49.58402916;08128;Main-Tauber-Kreis;2009-01-01;132321;1304.12;TRUE;POINT(9.72984946432465 49.5840291550711)
190;10.23654402;48.66109999;08135;Heidenheim;2009-01-01;132472;627.11;TRUE;POINT(10.2365440227604 48.6610999931951)
191;10.04307589;48.8765887;08136;Ostalbkreis;2009-01-01;314002;1511.38;TRUE;POINT(10.0430758878887 48.876588696276)
192;8.206658905;48.75644131;08211;Baden-Baden;1975-01-01;55123;140.19;TRUE;POINT(8.2066589050753 48.7564413126272)
193;8.427157415;49.01513892;08212;Karlsruhe;1975-02-14;313092;173.42;TRUE;POINT(8.42715741475751 49.0151389181899)
194;8.541134202;49.01980501;08215;Karlsruhe;1975-02-14;444232;1085.28;TRUE;POINT(8.54113420207524 49.0198050106565)
195;8.253041602;48.74522927;08216;Rastatt;2009-01-01;231018;738.44;TRUE;POINT(8.25304160217315 48.7452292729876)
196;8.687084054;49.40275711;08221;Heidelberg;2008-06-03;160355;108.83;TRUE;POINT(8.68708405393449 49.4027571118808)
197;8.501708938;49.48638389;08222;Mannheim;1973-01-01;309370;144.97;TRUE;POINT(8.50170893849679 49.4863838859078)
198;9.285655708;49.46426323;08225;Neckar-Odenwald-Kreis;2009-01-01;143535;1125.95;TRUE;POINT(9.2856557078512 49.464263225851)
199;8.810138595;49.42551336;08226;Rhein-Neckar-Kreis;2008-06-03;547625;1061.54;TRUE;POINT(8.81013859517145 49.425513360042)
200;8.724546488;48.8686587;08231;Pforzheim;1975-09-20;125542;97.99;TRUE;POINT(8.72454648794282 48.8686587000729)
201;8.600112368;48.69852347;08235;Calw;2009-01-01;158397;797.32;TRUE;POINT(8.6001123678615 48.6985234697396)
202;8.716332392;48.88222778;08236;Enzkreis;1975-09-20;198905;573.62;TRUE;POINT(8.71633239170437 48.8822277826826)
203;8.481701654;48.47656091;08237;Freudenstadt;2009-01-01;117935;870.4;TRUE;POINT(8.48170165445251 48.4765609128011)
204;7.817702201;47.99009979;08311;Freiburg im Breisgau;1978-01-01;230241;153.04;TRUE;POINT(7.81770220061045 47.9900997917862)
205;8.057962872;47.91863283;08315;Breisgau-Hochschwarzwald;1978-01-01;262795;1378.33;TRUE;POINT(8.05796287165694 47.9186328325585)
206;7.946257533;48.1233234;08316;Emmendingen;2009-01-01;165383;679.81;TRUE;POINT(7.94625753335337 48.1233233998059)
207;8.11817216;48.40245333;08317;Ortenaukreis;2009-01-01;429479;1860.3;TRUE;POINT(8.11817216016761 48.4024533264942)
208;8.51594642;48.26767887;08325;Rottweil;2009-01-01;139455;769.43;TRUE;POINT(8.51594642012242 48.2676788719893)
209;8.410348282;47.97591132;08326;Schwarzwald-Baar-Kreis;2009-01-01;212381;1025.34;TRUE;POINT(8.41034828197304 47.9759113155955)
210;8.794996545;47.99804935;08327;Tuttlingen;2009-01-01;140152;734.36;TRUE;POINT(8.79499654500272 47.998049348712)
211;8.953050632;47.75121836;08335;Konstanz;2009-01-01;285325;817.98;TRUE;POINT(8.95305063186829 47.7512183592711)
212;7.791976108;47.6740447;08336;Lörrach;2009-01-01;228639;806.72;TRUE;POINT(7.79197610842217 47.674044704213)
213;8.322419133;47.69745581;08337;Waldshut;2009-01-01;170619;1131.14;TRUE;POINT(8.32241913287731 47.6974558145456)
214;9.35241117;48.43542091;08415;Reutlingen;2011-01-01;286748;1092.46;TRUE;POINT(9.35241116961347 48.4354209117524)
215;8.993155939;48.48737783;08416;Tübingen;2009-01-01;227331;519.11;TRUE;POINT(8.9931559391852 48.4873778269649)
216;8.940387871;48.26941918;08417;Zollernalbkreis;2009-01-01;188935;917.56;TRUE;POINT(8.9403878710336 48.2694191805938)
217;9.951737825;48.38870197;08421;Ulm;1997-01-01;126329;118.68;TRUE;POINT(9.95173782462009 48.3887019733116)
218;9.85438465;48.38511004;08425;Alb-Donau-Kreis;2011-01-01;196047;1358.54;TRUE;POINT(9.85438464990452 48.385110043961)
219;9.754590262;48.12002361;08426;Biberach;2009-01-01;199742;1409.49;TRUE;POINT(9.75459026193156 48.1200236085611)
220;9.42755535;47.71159065;08435;Bodenseekreis;2009-01-01;216227;664.79;TRUE;POINT(9.42755535010151 47.7115906468804)
221;9.800306148;47.79435736;08436;Ravensburg;2009-01-01;284285;1632.09;TRUE;POINT(9.80030614791917 47.7943573624324)
222;9.251444536;48.0347165;08437;Sigmaringen;2009-01-01;130873;1204.22;TRUE;POINT(9.25144453635321 48.0347164977565)
223;11.38736253;48.7538079;09161;Ingolstadt;1972-07-01;136981;133.35;TRUE;POINT(11.3873625317666 48.7538078961124)
224;11.5403209;48.15942982;09162;München;2004-12-31;1471508;310.7;TRUE;POINT(11.5403208969734 48.1594298154303)
225;12.10937248;47.84816244;09163;Rosenheim;2004-12-31;63324;37.22;TRUE;POINT(12.1093724833531 47.8481624388502)
226;12.70844538;48.21968674;09171;Altötting;2009-01-01;111210;569.29;TRUE;POINT(12.708445377063 48.2196867375501)
227;12.88438409;47.72527464;09172;Berchtesgadener Land;2009-01-01;105722;839.86;TRUE;POINT(12.8843840902056 47.7252746409595)
228;11.47040999;47.71984861;09173;Bad Tölz-Wolfratshausen;2009-01-01;127227;1110.66;TRUE;POINT(11.4704099940785 47.7198486149542)
229;11.32596568;48.34474194;09174;Dachau;2009-01-01;153884;579.15;TRUE;POINT(11.3259656838504 48.3447419403226)
230;11.91536838;48.06161504;09175;Ebersberg;2009-01-01;142142;549.39;TRUE;POINT(11.9153683788036 48.061615041327)
231;11.39356254;48.88503247;09176;Eichstätt;2017-03-13;132341;1213.83;TRUE;POINT(11.3935625415237 48.8850324685117)
232;12.03052786;48.29476907;09177;Erding;2009-01-01;137660;870.73;TRUE;POINT(12.0305278623385 48.2947690727893)
233;11.76141809;48.46334504;09178;Freising;2009-01-01;179116;799.83;TRUE;POINT(11.7614180869217 48.4633450355806)
234;11.17853568;48.18584288;09179;Fürstenfeldbruck;2009-01-01;219320;434.81;TRUE;POINT(11.1785356775696 48.1858428763387)
235;11.12491833;47.55666418;09180;Garmisch-Partenkirchen;2009-01-01;88467;1012.17;TRUE;POINT(11.1249183267698 47.5566641789111)
236;10.95816204;47.99871578;09181;Landsberg am Lech;2009-01-01;120071;804.37;TRUE;POINT(10.9581620444592 47.998715782667)
237;11.81470353;47.74393887;09182;Miesbach;2011-01-01;99726;866.22;TRUE;POINT(11.8147035342345 47.7439388726996)
238;12.35794074;48.23341739;09183;Mühldorf a. Inn;2009-01-01;115250;805.34;TRUE;POINT(12.3579407374126 48.2334173946988)
239;11.63661012;48.07390807;09184;München;2011-01-01;348871;664.26;TRUE;POINT(11.6366101223018 48.0739080731281)
240;11.20801518;48.66190748;09185;Neuburg-Schrobenhausen;2009-01-01;96680;739.72;TRUE;POINT(11.2080151787849 48.6619074824575)
241;11.51401495;48.60315984;09186;Pfaffenhofen a.d. Ilm;2017-03-13;127151;761.04;TRUE;POINT(11.5140149511914 48.6031598366619)
242;12.16866644;47.89601983;09187;Rosenheim;2004-12-31;260983;1439.45;TRUE;POINT(12.1686664400848 47.896019829978)
243;11.26886494;47.97424099;09188;Starnberg;2009-01-01;136092;487.72;TRUE;POINT(11.2688649446374 47.9742409909913)
244;12.55210785;47.90547978;09189;Traunstein;2009-01-01;177089;1533.83;TRUE;POINT(12.5521078508815 47.9054797820488)
245;11.0455025;47.77419168;09190;Weilheim-Schongau;2009-01-01;135348;966.28;TRUE;POINT(11.045502501178 47.7741916772204)
246;12.16359214;48.54664068;09261;Landshut;1974-07-01;72404;65.83;TRUE;POINT(12.1635921400232 48.546640680952)
247;13.40397427;48.58160929;09262;Passau;2016-01-01;52469;69.56;TRUE;POINT(13.4039742687671 48.5816092925015)
248;12.57483846;48.88173076;09263;Straubing;1972-07-01;47794;67.59;TRUE;POINT(12.5748384596697 48.8817307609131)
249;13.03588927;48.784457;09271;Deggendorf;2013-04-01;119326;861.15;TRUE;POINT(13.035889268784 48.7844569978332)
250;13.51292875;48.80590394;09272;Freyung-Grafenau;2013-04-01;78355;983.97;TRUE;POINT(13.512928745858 48.8059039420278)
251;11.84891859;48.82772315;09273;Kelheim;2017-03-13;122258;1065.15;TRUE;POINT(11.8489185853211 48.8277231483495)
252;12.20282534;48.54388261;09274;Landshut;2004-12-31;158698;1347.56;TRUE;POINT(12.2028253380693 48.5438826136151)
253;13.44015208;48.60719058;09275;Passau;2016-01-01;192043;1530.06;TRUE;POINT(13.4401520754673 48.6071905771462)
254;13.09707243;49.01910822;09276;Regen;2009-01-01;77656;974.78;TRUE;POINT(13.0970724279595 49.0191082243074)
255;12.84471426;48.4361062;09277;Rottal-Inn;2009-01-01;120659;1281.19;TRUE;POINT(12.8447142646106 48.4361062032547)
256;12.53844978;48.8905142;09278;Straubing-Bogen;1978-05-01;100649;1201.62;TRUE;POINT(12.5384497829752 48.8905142017564)
257;12.60848248;48.63049623;09279;Dingolfing-Landau;2009-01-01;96217;877.58;TRUE;POINT(12.6084824819599 48.6304962316183)
258;11.85010474;49.45131471;09361;Amberg;1972-07-01;41970;50.13;TRUE;POINT(11.8501047405071 49.4513147070518)
259;12.10681754;49.02052399;09362;Regensburg;2016-06-01;152610;80.86;TRUE;POINT(12.10681754193 49.0205239923541)
260;12.16979076;49.66843709;09363;Weiden i.d. OPf.;2011-06-01;42520;70.57;TRUE;POINT(12.1697907614172 49.6684370877894)
261;11.78868015;49.50100205;09371;Amberg-Sulzbach;1973-05-01;103109;1255.83;TRUE;POINT(11.7886801537655 49.5010020472787)
262;12.65981309;49.20743284;09372;Cham;2017-01-01;127882;1526.81;TRUE;POINT(12.6598130902265 49.2074328381709)
263;11.55631952;49.2196409;09373;Neumarkt i.d. OPf.;2012-04-18;133561;1343.94;TRUE;POINT(11.5563195195395 49.2196409012775)
264;12.13557678;49.67024052;09374;Neustadt a.d. Waldnaab;2017-07-01;94352;1427.68;TRUE;POINT(12.135576778569 49.6702405192095)
265;12.12961449;49.03169726;09375;Regensburg;2016-06-01;193572;1391.68;TRUE;POINT(12.1296144889818 49.0316972587908)
266;12.25747382;49.37430274;09376;Schwandorf;2017-01-01;147189;1458.35;TRUE;POINT(12.2574738209118 49.3743027368631)
267;12.1701209;49.90160468;09377;Tirschenreuth;2009-01-01;72504;1084.24;TRUE;POINT(12.1701209018791 49.9016046793989)
268;10.89173293;49.88448457;09461;Bamberg;1972-07-01;77592;54.62;TRUE;POINT(10.8917329345298 49.8844845741408)
269;11.5680049;49.93903908;09462;Bayreuth;2005-01-01;74657;66.89;TRUE;POINT(11.5680049027452 49.9390390768709)
270;10.97231515;50.26599067;09463;Coburg;1977-01-01;41249;48.29;TRUE;POINT(10.9723151520107 50.2659906708998)
271;11.89531834;50.31674685;09464;Hof;1978-05-01;45930;58.02;TRUE;POINT(11.8953183372285 50.3167468519789)
272;10.8718444;49.89195118;09471;Bamberg;1978-05-01;147086;1167.82;TRUE;POINT(10.87184439559 49.8919511832623)
273;11.53783593;49.88329914;09472;Bayreuth;2017-07-01;103656;1273.64;TRUE;POINT(11.5378359277124 49.8832991418362)
274;10.9517265;50.24610707;09473;Coburg;2013-01-01;86906;590.41;TRUE;POINT(10.9517265043012 50.2461070682954)
275;11.16594709;49.72991057;09474;Forchheim;2009-01-01;116099;642.8;TRUE;POINT(11.1659470929581 49.7299105742087)
276;11.8338053;50.28684035;09475;Hof;1978-05-01;95311;892.53;TRUE;POINT(11.8338052971793 50.286840345897)
277;11.38592635;50.34044603;09476;Kronach;2009-01-01;67135;651.51;TRUE;POINT(11.385926348352 50.3404460290746)
278;11.49053039;50.10968773;09477;Kulmbach;2013-04-01;71845;658.32;TRUE;POINT(11.4905303933776 50.1096877311607)
279;11.11879594;50.09846214;09478;Lichtenfels;2013-01-01;66838;519.92;TRUE;POINT(11.1187959425698 50.0984621397638)
280;12.06925188;50.10412272;09479;Wunsiedel i. Fichtelgebirge;2009-01-01;73178;606.37;TRUE;POINT(12.0692518760529 50.1041227238524)
281;10.55376641;49.28642976;09561;Ansbach;2010-01-01;41847;99.91;TRUE;POINT(10.553766407686 49.286429757787)
282;10.97198485;49.59557462;09562;Erlangen;1972-07-01;111962;76.96;TRUE;POINT(10.9719848477304 49.595574616392)
283;10.96673975;49.48400152;09563;Fürth;1972-07-01;127748;63.35;TRUE;POINT(10.9667397524211 49.4840015212749)
284;11.09410225;49.4255225;09564;Nürnberg;2004-12-31;518365;186.45;TRUE;POINT(11.0941022534165 49.4255224990189)
285;11.03107696;49.336465;09565;Schwabach;1972-07-01;40792;40.8;TRUE;POINT(11.031076961548 49.3364650004984)
286;10.4885217;49.26046606;09571;Ansbach;2014-06-01;183949;1971.31;TRUE;POINT(10.4885217029312 49.2604660629238)
287;10.95787133;49.64045257;09572;Erlangen-Höchstadt;2004-12-31;136271;564.59;TRUE;POINT(10.9578713257128 49.6404525681189)
288;10.85454075;49.4431723;09573;Fürth;2009-01-01;117387;307.43;TRUE;POINT(10.8545407460294 49.4431722988739)
289;11.39352651;49.52513911;09574;Nürnberger Land;2009-01-01;170365;799.49;TRUE;POINT(11.3935265072329 49.5251391065438)
290;10.48629997;49.56662;09575;Neustadt a.d. Aisch-Bad Windsheim;2014-06-01;100364;1267.44;TRUE;POINT(10.486299969378 49.5666199992248)
291;11.11846706;49.22642;09576;Roth;2009-01-01;126958;895.15;TRUE;POINT(11.1184670635458 49.2264200037305)
292;10.86937978;49.03727952;09577;Weißenburg-Gunzenhausen;2009-01-01;94393;970.78;TRUE;POINT(10.8693797848859 49.0372795168557)
293;9.150398882;49.96692663;09661;Aschaffenburg;1978-05-01;70527;62.45;TRUE;POINT(9.15039888190991 49.9669266285221)
294;10.2257344;50.05593448;09662;Schweinfurt;1972-07-01;54032;35.7;TRUE;POINT(10.2257343954308 50.0559344765824)
295;9.939096156;49.78308993;09663;Würzburg;1978-01-01;127880;87.6;TRUE;POINT(9.93909615561158 49.7830899348251)
296;9.218249309;49.9961846;09671;Aschaffenburg;2011-07-01;174208;705.72;TRUE;POINT(9.21824930878345 49.9961846037813)
297;9.994134817;50.24488791;09672;Bad Kissingen;2015-01-01;103218;1136.92;TRUE;POINT(9.994134816643 50.2448879072161)
298;10.23926035;50.34832287;09673;Rhön-Grabfeld;2015-01-01;79690;1021.72;TRUE;POINT(10.2392603483434 50.3483228730662)
299;10.60013102;50.03000751;09674;Haßberge;2009-01-01;84599;956.19;TRUE;POINT(10.6001310239278 50.0300075101577)
300;10.29143449;49.7551761;09675;Kitzingen;2009-01-01;90909;684.17;TRUE;POINT(10.2914344882008 49.7551760950791)
301;9.251999579;49.75574994;09676;Miltenberg;2009-01-01;128756;715.55;TRUE;POINT(9.25199957939741 49.7557499426725)
302;9.671853826;50.00089067;09677;Main-Spessart;2009-01-01;126365;1321.23;TRUE;POINT(9.67185382643002 50.0008906675177)
303;10.28650838;50.01636929;09678;Schweinfurt;1972-07-01;115106;841.38;TRUE;POINT(10.2865083770207 50.0163692916451)
304;9.92853974;49.7374758;09679;Würzburg;1997-01-01;161834;968.33;TRUE;POINT(9.92853973986576 49.7374758026495)
305;10.8699708;48.33928927;09761;Augsburg;2015-10-01;295135;146.85;TRUE;POINT(10.8699708030667 48.3392892720294)
306;10.61843169;47.87540567;09762;Kaufbeuren;1972-07-01;43893;40.02;TRUE;POINT(10.6184316858993 47.8754056726382)
307;10.2992833;47.74171227;09763;Kempten (Allgäu);1972-07-01;68907;63.28;TRUE;POINT(10.2992832999495 47.7417122658166)
308;10.16580955;47.98254733;09764;Memmingen;1978-05-01;43837;70.11;TRUE;POINT(10.1658095522439 47.9825473294386)
309;11.06946453;48.4145358;09771;Aichach-Friedberg;2015-10-01;133596;780.23;TRUE;POINT(11.0694645314006 48.4145357952707)
310;10.73406057;48.37024845;09772;Augsburg;2016-07-01;251534;1070.65;TRUE;POINT(10.7340605695744 48.3702484468731)
311;10.52267265;48.60783527;09773;Dillingen a.d. Donau;2009-01-01;96021;792.23;TRUE;POINT(10.522672646474 48.6078352732764)
312;10.37668428;48.34671552;09774;Günzburg;2016-07-01;125747;762.43;TRUE;POINT(10.3766842820766 48.3467155246429)
313;10.15160768;48.30948507;09775;Neu-Ulm;2009-01-01;174200;515.86;TRUE;POINT(10.1516076822381 48.3094850726327)
314;9.82926315;47.5899105;09776;Lindau (Bodensee);2009-01-01;81669;323.38;TRUE;POINT(9.82926315020041 47.5899105040515)
315;10.66437174;47.7810076;09777;Ostallgäu;2009-01-01;140316;1394.44;TRUE;POINT(10.6643717447366 47.7810075952275)
316;10.34557969;48.02729846;09778;Unterallgäu;2009-01-01;144041;1229.55;TRUE;POINT(10.3455796850471 48.0272984645541)
317;10.70273628;48.80321441;09779;Donau-Ries;2009-01-01;133496;1274.57;TRUE;POINT(10.7027362780546 48.8032144147078)
318;10.23920134;47.58681468;09780;Oberallgäu;2009-01-01;155362;1527.95;TRUE;POINT(10.2392013359653 47.5868146795692)
319;6.975203693;49.23100617;10041;Regionalverband Saarbrücken;2009-01-01;329708;410.95;TRUE;POINT(6.97520369250779 49.2310061723048)
320;6.664248303;49.50628684;10042;Merzig-Wadern;2009-01-01;103366;556.66;TRUE;POINT(6.6642483034246 49.5062868384662)
321;7.13146118;49.36994207;10043;Neunkirchen;2009-01-01;132206;249.8;TRUE;POINT(7.13146118019962 49.369942065585)
322;6.766134986;49.36510429;10044;Saarlouis;2009-01-01;195201;459.35;TRUE;POINT(6.76613498615654 49.3651042925459)
323;7.229455598;49.25209732;10045;Saarpfalz-Kreis;2009-01-01;142631;418.28;TRUE;POINT(7.22945559755984 49.2520973190003)
324;7.084377644;49.52953245;10046;St. Wendel;2009-01-01;87397;476.07;TRUE;POINT(7.08437764446265 49.5295324508107)
325;13.45012547;52.47986747;11000;Berlin;1990-10-03;3644826;891.12;TRUE;POINT(13.4501254709605 52.4798674674616)
326;12.5877172;52.46518911;12051;Brandenburg an der Havel;2012-10-01;72124;229.71;TRUE;POINT(12.5877171986546 52.465189107998)
327;14.37257488;51.77540647;12052;Cottbus;2003-10-26;100219;165.63;TRUE;POINT(14.3725748840756 51.7754064663294)
328;14.52323917;52.30994811;12053;Frankfurt (Oder);2002-05-31;57873;147.85;TRUE;POINT(14.5232391654639 52.3099481094172)
329;13.03566209;52.42843153;12054;Potsdam;2014-09-11;178089;188.25;TRUE;POINT(13.0356620856865 52.4284315337169)
330;13.73765625;52.84516592;12060;Barnim;2009-01-01;182760;1479.61;TRUE;POINT(13.7376562501699 52.8451659244161)
331;13.8665476;52.0809372;12061;Dahme-Spreewald;2015-01-19;169067;2274.53;TRUE;POINT(13.8665476020381 52.0809371974848)
332;13.45826352;51.60280473;12062;Elbe-Elster;2009-01-01;102638;1899.16;TRUE;POINT(13.4582635161116 51.6028047344955)
333;12.50988497;52.59072829;12063;Havelland;2012-10-01;161909;1727.31;TRUE;POINT(12.5098849692575 52.5907282915274)
334;14.09435862;52.62863468;12064;Märkisch-Oderland;2009-01-01;194328;2158.65;TRUE;POINT(14.0943586222053 52.6286346803442)
335;13.22816791;52.96057896;12065;Oberhavel;2009-01-01;211249;1808.17;TRUE;POINT(13.2281679149496 52.9605789557736)
336;13.93727769;51.61647099;12066;Oberspreewald-Lausitz;2009-01-01;110476;1223.46;TRUE;POINT(13.9372776929014 51.6164709889676)
337;14.18095949;52.22481054;12067;Oder-Spree;2015-01-19;178658;2256.75;TRUE;POINT(14.1809594875123 52.2248105380802)
338;12.61074045;53.0307839;12068;Ostprignitz-Ruppin;2011-01-01;99078;2526.55;TRUE;POINT(12.610740454976 53.0307839025658)
339;12.66512102;52.37899598;12069;Potsdam-Mittelmark;2014-09-11;214664;2592.06;TRUE;POINT(12.6651210241601 52.3789959772455)
340;11.89595874;53.10051264;12070;Prignitz;2009-01-01;76508;2138.58;TRUE;POINT(11.8959587384114 53.1005126396795)
341;14.46747239;51.77570821;12071;Spree-Neiße;2009-01-01;114429;1656.98;TRUE;POINT(14.4674723871982 51.7757082118)
342;13.24820154;52.05975238;12072;Teltow-Fläming;2009-01-01;168296;2104.22;TRUE;POINT(13.2482015366488 52.0597523844479)
343;13.75374986;53.20553845;12073;Uckermark;2009-01-01;119552;3077.01;TRUE;POINT(13.7537498599727 53.2055384497979)
344;12.12447571;54.14537048;13003;Rostock;2007-01-01;208886;181.36;TRUE;POINT(12.1244757131652 54.1453704813514)
345;11.42499186;53.63619345;13004;Schwerin;1990-10-03;95818;130.52;TRUE;POINT(11.4249918555551 53.6361934492339)
346;13.01222784;53.51147284;13071;Mecklenburgische Seenplatte;2011-09-04;259130;5495.61;TRUE;POINT(13.0122278418505 53.5114728440004)
347;12.11557508;53.9578511;13072;Rostock;2011-09-04;215113;3431.26;TRUE;POINT(12.1155750830246 53.9578511014678)
348;13.08945225;54.40489723;13073;Vorpommern-Rügen;2011-09-04;224684;3215.4;TRUE;POINT(13.0894522539675 54.4048972257948)
349;11.32724682;53.87110772;13074;Nordwestmecklenburg;2011-09-04;156729;2127.05;TRUE;POINT(11.3272468182965 53.8711077170374)
350;13.82329877;53.92519116;13075;Vorpommern-Greifswald;2011-09-04;236697;3945.58;TRUE;POINT(13.8232987711995 53.9251911629739)
351;11.4527556;53.48686525;13076;Ludwigslust-Parchim;2014-11-01;212618;4766.79;TRUE;POINT(11.4527555997462 53.4868652459986)
352;12.9057664;50.82345935;14511;Chemnitz;2008-08-01;247237;221.05;FALSE;POINT(12.9057664004755 50.823459346409)
353;13.05040967;50.60294616;14521;Erzgebirgskreis;2012-12-01;337696;1827.9;FALSE;POINT(13.0504096711681 50.6029461609533)
354;13.1947857;50.92187182;14522;Mittelsachsen;2015-07-01;306185;2116.85;FALSE;POINT(13.1947856957182 50.9218718179892)
355;12.19936176;50.45325003;14523;Vogtlandkreis;2009-01-01;227796;1412.45;FALSE;POINT(12.1993617641674 50.4532500335742)
356;12.5439571;50.7413018;14524;Zwickau;2012-12-01;317531;949.76;FALSE;POINT(12.5439571023622 50.7413018048516)
357;13.78757033;51.07644429;14612;Dresden;2008-08-01;554649;328.48;FALSE;POINT(13.7875703280695 51.0764442893014)
358;14.21249793;51.26043653;14625;Bautzen;2009-01-01;300880;2395.61;FALSE;POINT(14.2124979343962 51.2604365303565)
359;14.80176833;51.20117784;14626;Görlitz;2009-01-01;254894;2111.42;FALSE;POINT(14.8017683289719 51.2011778449527)
360;13.48912931;51.23403219;14627;Meißen;2015-07-01;242165;1454.59;FALSE;POINT(13.4891293115227 51.2340321925302)
361;13.94274323;50.89675743;14628;Sächsische Schweiz-Osterzgebirge;2013-04-11;245611;1654.19;FALSE;POINT(13.9427432293111 50.8967574296776)
362;12.37405942;51.33544925;14713;Leipzig;2008-08-01;587857;297.8;FALSE;POINT(12.3740594164158 51.3354492489516)
363;12.57727981;51.21869636;14729;Leipzig;2014-02-01;257763;1651.31;FALSE;POINT(12.5772798070292 51.2186963560034)
364;12.72674082;51.47928358;14730;Nordsachsen;2008-08-01;197673;2028.55;FALSE;POINT(12.7267408227141 51.4792835767049)
365;12.26674975;51.85058789;15001;Dessau-Roßlau;2007-07-01;81237;244.71;TRUE;POINT(12.2667497510921 51.8505878853662)
366;11.96520808;51.45554071;15002;Halle (Saale);2007-07-01;239257;135.03;TRUE;POINT(11.965208084676 51.4555407091457)
367;11.68551889;52.108361;15003;Magdeburg;2007-07-01;238697;201.01;TRUE;POINT(11.6855188921646 52.1083610014107)
368;11.24789069;52.73176019;15081;Altmarkkreis Salzwedel;2009-01-01;83765;2293.35;TRUE;POINT(11.2478906908356 52.731760188676)
369;12.18626524;51.80041838;15082;Anhalt-Bitterfeld;2009-01-01;159854;1453.81;TRUE;POINT(12.1862652378384 51.800418381396)
370;11.30513784;52.22266515;15083;Börde;2009-01-01;171734;2366.92;TRUE;POINT(11.3051378354734 52.2226651540038)
371;11.86527849;51.15155689;15084;Burgenlandkreis;2014-02-01;180190;1413.75;TRUE;POINT(11.8652784875403 51.1515568936787)
372;10.9662798;51.75703161;15085;Harz;2009-01-01;214446;2104.75;TRUE;POINT(10.9662797973753 51.7570316087483)
373;12.06392176;52.31899719;15086;Jerichower Land;2009-01-01;89928;1576.94;TRUE;POINT(12.0639217614096 52.318997185096)
374;11.24365795;51.55530469;15087;Mansfeld-Südharz;2009-01-01;136249;1448.93;TRUE;POINT(11.2436579459018 51.5553046909381)
375;11.8636496;51.43605611;15088;Saalekreis;2007-07-01;184582;1433.92;TRUE;POINT(11.8636496006699 51.4360561107112)
376;11.69892322;51.87748092;15089;Salzlandkreis;2007-07-12;190560;1427.33;TRUE;POINT(11.6989232201909 51.8774809188713)
377;11.83253038;52.70493552;15090;Stendal;2007-07-01;111982;2423.41;TRUE;POINT(11.8325303831206 52.7049355183064)
378;12.63567172;51.80776552;15091;Wittenberg;2009-01-01;125840;1930.48;TRUE;POINT(12.6356717206324 51.807765517261)
379;11.00644838;50.98807014;16051;Erfurt;1994-10-12;213699;269.91;TRUE;POINT(11.0064483774494 50.988070142043)
380;12.08709706;50.88603958;16052;Gera;1994-07-01;94152;152.18;TRUE;POINT(12.0870970580136 50.8860395804785)
381;11.58647672;50.9243875;16053;Jena;1994-07-01;111407;114.77;TRUE;POINT(11.5864767164279 50.9243875032167)
382;10.71360804;50.61243468;16054;Suhl;1994-07-01;34835;103.03;TRUE;POINT(10.7136080352062 50.6124346790891)
383;11.31784823;50.97815238;16055;Weimar;1994-07-01;65090;84.48;TRUE;POINT(11.3178482298439 50.978152376313)
384;10.28496304;50.99104825;16056;Eisenach;1998-01-01;42370;104.17;TRUE;POINT(10.2849630429727 50.9910482459696)
385;10.2364891;51.38806057;16061;Eichsfeld;2009-01-01;100380;943.08;TRUE;POINT(10.2364890964823 51.388060569392)
386;10.73404585;51.53266049;16062;Nordhausen;2009-01-01;83822;713.91;TRUE;POINT(10.7340458533549 51.5326604872432)
387;10.19725839;50.9117752;16063;Wartburgkreis;2009-01-01;123025;1307.46;TRUE;POINT(10.1972583916113 50.9117752032234)
388;10.52307989;51.17119964;16064;Unstrut-Hainich-Kreis;2009-01-01;102912;979.68;TRUE;POINT(10.5230798935746 51.1711996399407)
389;11.01672458;51.31841861;16065;Kyffhäuserkreis;2009-01-01;75009;1037.89;TRUE;POINT(11.0167245780904 51.3184186149886)
390;10.4075151;50.62307274;16066;Schmalkalden-Meiningen;2009-01-01;122347;1210.73;TRUE;POINT(10.4075150994893 50.6230727420905)
391;10.71089085;50.91348244;16067;Gotha;2009-01-01;135452;936.08;TRUE;POINT(10.7108908538963 50.9134824432282)
392;11.16469932;51.16297346;16068;Sömmerda;2009-01-01;69655;806.88;TRUE;POINT(11.1646993165962 51.1629734602522)
393;10.73971917;50.4425029;16069;Hildburghausen;2009-01-01;63553;938.43;TRUE;POINT(10.739719171129 50.4425029047044)
394;10.95791091;50.7018781;16070;Ilm-Kreis;2009-01-01;108742;843.73;TRUE;POINT(10.9579109098161 50.7018781035442)
395;11.38278129;50.96672584;16071;Weimarer Land;2009-01-01;81947;804.49;TRUE;POINT(11.3827812881671 50.9667258414361)
396;11.13465609;50.40843603;16072;Sonneberg;2009-01-01;56196;433.61;TRUE;POINT(11.1346560949812 50.4084360317993)
397;11.31921132;50.60400311;16073;Saalfeld-Rudolstadt;2009-01-01;106356;1036.03;TRUE;POINT(11.3192113160365 50.6040031060583)
398;11.71097345;50.91464768;16074;Saale-Holzland-Kreis;2009-01-01;83051;815.25;TRUE;POINT(11.7109734484566 50.9146476754)
399;11.71582139;50.54076825;16075;Saale-Orla-Kreis;2009-01-01;80868;1151.33;TRUE;POINT(11.7158213902334 50.5407682480135)
400;12.0861489;50.74383499;16076;Greiz;2009-01-01;98159;845.96;TRUE;POINT(12.0861489024228 50.7438349856509)
401;12.39489416;50.95819259;16077;Altenburger Land;2014-02-01;90118;569.41;TRUE;POINT(12.3948941598457 50.9581925914223)
